[{"model": "taxonomy.location", "pk": "0171f5de-de3c-43fb-94ee-2cacf7d6005d", "fields": {"title": "Newman Elementary School", "street_address": "1269 North Colorado Street", "location_city": "f21c7904-c94e-4016-8c5b-5aad13f1fad1", "location_state": "974b3b17-b6ca-4622-af98-34597598dbc0", "location_zipcode": "f10c5943-5eb4-4462-a195-70fb2414fd2e", "google_place": "https://www.google.com/maps/place/Newman+Elementary+School/@40.7964723,-111.9311452,18.32z/data=!4m5!3m4!1s0x8752f418f124c79d:0x5095b108216baa0f!8m2!3d40.7966489!4d-111.932325"}}, {"model": "taxonomy.location", "pk": "0b0d37b9-2c4e-433e-a78e-e7173328e226", "fields": {"title": "Whittier Elementary School", "street_address": "1600 South 300 East", "location_city": "f21c7904-c94e-4016-8c5b-5aad13f1fad1", "location_state": "974b3b17-b6ca-4622-af98-34597598dbc0", "location_zipcode": "f2a8d415-db59-4abd-8592-997f8efca212", "google_place": "https://www.google.com/maps/place/Whittier+Elementary+School/@40.7352,-111.8855207,17z/data=!3m1!4b1!4m5!3m4!1s0x87528acad4a1bfe9:0x30539ff3bf3f2883!8m2!3d40.735196!4d-111.883332"}}, {"model": "taxonomy.location", "pk": "0c0a67a6-c3b6-47a9-83f1-2e34a5518104", "fields": {"title": "Hillside Middle School", "street_address": "1825 South Nevada Street", "location_city": "f21c7904-c94e-4016-8c5b-5aad13f1fad1", "location_state": "974b3b17-b6ca-4622-af98-34597598dbc0", "location_zipcode": "7ad07095-2b4c-4065-bd75-f6cef24c4629", "google_place": "https://www.google.com/maps/place/Hillside+Middle+School/@40.7311398,-111.8252315,17z/data=!3m1!4b1!4m5!3m4!1s0x875260687c93c2cf:0x2fcd762e53864ecc!8m2!3d40.7311358!4d-111.8230428"}}, {"model": "taxonomy.location", "pk": "1cb79d3c-f3dc-441e-929e-bbee81c91f97", "fields": {"title": "Dilworth Elementary School", "street_address": "1953 South 2100 East", "location_city": "f21c7904-c94e-4016-8c5b-5aad13f1fad1", "location_state": "974b3b17-b6ca-4622-af98-34597598dbc0", "location_zipcode": "7ad07095-2b4c-4065-bd75-f6cef24c4629", "google_place": "https://www.google.com/maps/place/Dilworth+Elementary+School/@40.7282243,-111.8320519,17z/data=!3m1!4b1!4m5!3m4!1s0x8752606afd2a7709:0x437b18ab443ff280!8m2!3d40.7282203!4d-111.8298632"}}, {"model": "taxonomy.location", "pk": "20ada976-9500-4f86-b2fe-62712434437e", "fields": {"title": "Escalante Elementary School", "street_address": "1810 West 900 North", "location_city": "f21c7904-c94e-4016-8c5b-5aad13f1fad1", "location_state": "974b3b17-b6ca-4622-af98-34597598dbc0", "location_zipcode": "f10c5943-5eb4-4462-a195-70fb2414fd2e", "google_place": "https://www.google.com/maps/place/Escalante+Elementary+School/@40.789526,-111.944434,17z/data=!3m1!4b1!4m5!3m4!1s0x8752f40f06073aa9:0xd8a2547af3ae6136!8m2!3d40.789522!4d-111.9422453"}}, {"model": "taxonomy.location", "pk": "2110a60c-693d-4673-a514-29b11b9ba7c8", "fields": {"title": "West High School", "street_address": "241 North 300 West", "location_city": "f21c7904-c94e-4016-8c5b-5aad13f1fad1", "location_state": "974b3b17-b6ca-4622-af98-34597598dbc0", "location_zipcode": "a9e752fe-77ee-4b17-9b06-e2c4cdb04b07", "google_place": "https://www.google.com/maps/place/West+High+School/@40.7743029,-111.9026346,17z/data=!3m1!4b1!4m5!3m4!1s0x8752f5aa4c90b8fd:0xe5a77e342bac4f4c!8m2!3d40.7742989!4d-111.9004459"}}, {"model": "taxonomy.location", "pk": "244bc1ff-b2bc-4aed-a907-5ef344dd4053", "fields": {"title": "Backman Elementary School", "street_address": "601 North 1500 West", "location_city": "f21c7904-c94e-4016-8c5b-5aad13f1fad1", "location_state": "974b3b17-b6ca-4622-af98-34597598dbc0", "location_zipcode": "f10c5943-5eb4-4462-a195-70fb2414fd2e", "google_place": "https://www.google.com/maps/place/Backman+Elementary+School/@40.7819642,-111.9366582,17z"}}, {"model": "taxonomy.location", "pk": "2919acef-8df4-41bf-961e-05bed8655b27", "fields": {"title": "Salt Lake Center for Science Education", "street_address": "1400 West Goodwin Avenue", "location_city": "f21c7904-c94e-4016-8c5b-5aad13f1fad1", "location_state": "974b3b17-b6ca-4622-af98-34597598dbc0", "location_zipcode": "f10c5943-5eb4-4462-a195-70fb2414fd2e", "google_place": "https://www.google.com/maps/place/Salt+Lake+Center+for+Science+Education/@40.7947647,-111.933944,17z/data=!3m1!4b1!4m5!3m4!1s0x8752f419aa81f9f1:0x7804d07a50baf011!8m2!3d40.7947607!4d-111.9317553"}}, {"model": "taxonomy.location", "pk": "2c9e0c25-1522-4254-bb1a-c96d3b743061", "fields": {"title": "Uintah Elementary School", "street_address": "1571 East 1300 South", "location_city": "f21c7904-c94e-4016-8c5b-5aad13f1fad1", "location_state": "974b3b17-b6ca-4622-af98-34597598dbc0", "location_zipcode": "bbf1257c-3226-4d1a-bbe3-75d30c53f758", "google_place": "https://www.google.com/maps/place/Uintah+Elementary+School/@40.7421064,-111.8482859,17z/data=!3m1!4b1!4m5!3m4!1s0x8752600786eb170f:0xea00ff633175945!8m2!3d40.7421024!4d-111.8460972"}}, {"model": "taxonomy.location", "pk": "2ebc39ba-dffa-4f43-bf3e-0a1e7d7729bc", "fields": {"title": "Hawthorne Elementary School", "street_address": "1675 South 600 East", "location_city": "f21c7904-c94e-4016-8c5b-5aad13f1fad1", "location_state": "974b3b17-b6ca-4622-af98-34597598dbc0", "location_zipcode": "bbf1257c-3226-4d1a-bbe3-75d30c53f758", "google_place": "https://www.google.com/maps/place/Hawthorne+Elementary+School/@40.7339881,-111.8751043,17z/data=!3m1!4b1!4m5!3m4!1s0x87528ab3b4e8d4b7:0xcd0fe4fd3fcd58ef!8m2!3d40.7339841!4d-111.8729156"}}, {"model": "taxonomy.location", "pk": "3a22a08c-fc6c-4473-a680-a823a28d30c5", "fields": {"title": "Ensign Elementary School", "street_address": "775 East 12th Avenue", "location_city": "f21c7904-c94e-4016-8c5b-5aad13f1fad1", "location_state": "974b3b17-b6ca-4622-af98-34597598dbc0", "location_zipcode": "a9e752fe-77ee-4b17-9b06-e2c4cdb04b07", "google_place": "https://www.google.com/maps/place/Ensign+Elementary+School/@40.775041,-111.8712032,15.36z/data=!4m5!3m4!1s0x8752f584bfa76f17:0x5290b21be965ef40!8m2!3d40.7830574!4d-111.8660222"}}, {"model": "taxonomy.location", "pk": "3f01b121-c660-4122-b7a1-ca9a4d925924", "fields": {"title": "Bryant Middle School", "street_address": "40 South 800 East", "location_city": "f21c7904-c94e-4016-8c5b-5aad13f1fad1", "location_state": "974b3b17-b6ca-4622-af98-34597598dbc0", "location_zipcode": "5e3034fc-69af-4447-aa85-b9769cd829e5", "google_place": "https://www.google.com/maps/place/Bryant+Middle+School/@40.7684748,-111.871309,17z/data=!3m1!4b1!4m5!3m4!1s0x8752f5700ef95b2b:0xd06d30c28c781ac9!8m2!3d40.7684708!4d-111.8691203"}}, {"model": "taxonomy.location", "pk": "426cfaaa-955a-41d5-ab52-573fe43a709c", "fields": {"title": "Clayton Middle School", "street_address": "1470 South 1900 East", "location_city": "f21c7904-c94e-4016-8c5b-5aad13f1fad1", "location_state": "974b3b17-b6ca-4622-af98-34597598dbc0", "location_zipcode": "7ad07095-2b4c-4065-bd75-f6cef24c4629", "google_place": "https://www.google.com/maps/place/Clayton+Middle+School/@40.7378367,-111.8394504,17z/data=!3m1!4b1!4m5!3m4!1s0x8752600c3a78db05:0xc81fa36d8f7f500d!8m2!3d40.7378327!4d-111.8372617"}}, {"model": "taxonomy.location", "pk": "46f68fdb-8b96-4348-a56d-e5cfb7d0a9d9", "fields": {"title": "Riley Elementary School", "street_address": "1410 South 800 West", "location_city": "f21c7904-c94e-4016-8c5b-5aad13f1fad1", "location_state": "974b3b17-b6ca-4622-af98-34597598dbc0", "location_zipcode": "f7789966-8664-44cc-a376-146913e6dbb2", "google_place": "https://www.google.com/maps/place/Riley+Elementary+School/@40.7385776,-111.9169628,17z/data=!3m1!4b1!4m5!3m4!1s0x8752f4daa0b34c75:0x22d4e277db041173!8m2!3d40.7385736!4d-111.9147741"}}, {"model": "taxonomy.location", "pk": "47edd191-baf4-4cb1-972e-d4a7cd5569ce", "fields": {"title": "District Office", "street_address": "440 East 100 South", "location_city": "f21c7904-c94e-4016-8c5b-5aad13f1fad1", "location_state": "974b3b17-b6ca-4622-af98-34597598dbc0", "location_zipcode": "809f533f-5aea-40d9-999c-02899985ff90", "google_place": "https://www.google.com/maps/place/Salt+Lake+City+School+District/@40.7667764,-111.8810118,17z/data=!3m1!4b1!4m5!3m4!1s0x8752f57295a6d677:0xb5e760c057c3086!8m2!3d40.7667724!4d-111.8788231"}}, {"model": "taxonomy.location", "pk": "6c671bae-0d2e-4597-9a60-84f0805bfcc2", "fields": {"title": "Indian Hills Elementary School", "street_address": "2496 East St. Mary's Drive", "location_city": "f21c7904-c94e-4016-8c5b-5aad13f1fad1", "location_state": "974b3b17-b6ca-4622-af98-34597598dbc0", "location_zipcode": "db32b420-89d5-4b36-ab02-5777bf8c3c98", "google_place": "https://www.google.com/maps/place/Indian+Hills+Elementary+School/@40.7398409,-111.8194329,17z/data=!4m5!3m4!1s0x8752607b3d9ea069:0x4129b6d3d199476a!8m2!3d40.7399263!4d-111.8172657"}}, {"model": "taxonomy.location", "pk": "708edc95-b590-4024-999d-1d820b118ed1", "fields": {"title": "Innovations Early College High School", "street_address": "1633 South Edison Street", "location_city": "f21c7904-c94e-4016-8c5b-5aad13f1fad1", "location_state": "974b3b17-b6ca-4622-af98-34597598dbc0", "location_zipcode": "f2a8d415-db59-4abd-8592-997f8efca212", "google_place": "https://www.google.com/maps/place/Innovations+Early+College+HighSchool/@40.734388,-111.8888587,17z/data=!3m1!4b1!4m5!3m4!1s0x87528acb59dfe6c7:0x657f9482a987c674!8m2!3d40.734384!4d-111.88667"}}, {"model": "taxonomy.location", "pk": "71c19409-ea59-44fe-9385-c0d41179cc19", "fields": {"title": "Nibley Park School", "street_address": "2785 South 800 East", "location_city": "f21c7904-c94e-4016-8c5b-5aad13f1fad1", "location_state": "974b3b17-b6ca-4622-af98-34597598dbc0", "location_zipcode": "db32b420-89d5-4b36-ab02-5777bf8c3c98", "google_place": "https://www.google.com/maps/place/Nibley+Park+School/@40.7103125,-111.8689072,17z/data=!3m1!4b1!4m5!3m4!1s0x87528a9ac5c2ac7d:0x2dffcd33400b2253!8m2!3d40.7103085!4d-111.8667185"}}, {"model": "taxonomy.location", "pk": "823ca185-1363-4065-9ba4-35cd55b073ca", "fields": {"title": "Northwest Middle School", "street_address": "1730 West 1700 North", "location_city": "f21c7904-c94e-4016-8c5b-5aad13f1fad1", "location_state": "974b3b17-b6ca-4622-af98-34597598dbc0", "location_zipcode": "f10c5943-5eb4-4462-a195-70fb2414fd2e", "google_place": "https://www.google.com/maps/place/Northwest+Middle+School/@40.8066505,-111.9425096,17z/data=!3m1!4b1!4m5!3m4!1s0x8752f6a6047b0f41:0x1eb02384aabcc0ec!8m2!3d40.8066465!4d-111.9403209"}}, {"model": "taxonomy.location", "pk": "85765c81-3858-48a8-9f2c-3d5d2421bfc2", "fields": {"title": "Lincoln Elementary School", "street_address": "1090 South Roberta Street", "location_city": "f21c7904-c94e-4016-8c5b-5aad13f1fad1", "location_state": "974b3b17-b6ca-4622-af98-34597598dbc0", "location_zipcode": "809f533f-5aea-40d9-999c-02899985ff90", "google_place": "https://www.google.com/maps/place/Lincoln+Elementary+School/@40.7452193,-111.8866534,17z/data=!3m1!4b1!4m5!3m4!1s0x8752f539d3b30e1f:0xf74f6d763af367a1!8m2!3d40.7452153!4d-111.8844647"}}, {"model": "taxonomy.location", "pk": "8c226453-d776-4d16-b874-172f03b2450f", "fields": {"title": "Meadowlark Elementary School", "street_address": "497 North Morton Drive", "location_city": "f21c7904-c94e-4016-8c5b-5aad13f1fad1", "location_state": "974b3b17-b6ca-4622-af98-34597598dbc0", "location_zipcode": "f10c5943-5eb4-4462-a195-70fb2414fd2e", "google_place": "https://www.google.com/maps/place/Meadowlark+Elementary/@40.779955,-111.9492212,17z/data=!3m1!4b1!4m5!3m4!1s0x8752f474af8b6e49:0x3e31703fd42abd31!8m2!3d40.779951!4d-111.9470325"}}, {"model": "taxonomy.location", "pk": "919cf002-c0fb-46c4-8b84-04c6908d369f", "fields": {"title": "Beacon Heights Elementary School", "street_address": "1850 South 2500 East", "location_city": "f21c7904-c94e-4016-8c5b-5aad13f1fad1", "location_state": "974b3b17-b6ca-4622-af98-34597598dbc0", "location_zipcode": "7ad07095-2b4c-4065-bd75-f6cef24c4629", "google_place": "https://www.google.com/maps/place/Beacon+Heights+Elementary/@40.7302305,-111.8224364,17z/data=!3m1!4b1!4m5!3m4!1s0x87526067bf1044d9:0x19a3a4fc742419c1!8m2!3d40.7302265!4d-111.8202477"}}, {"model": "taxonomy.location", "pk": "9bb2aa3d-2030-471d-b195-ff2ab2702f23", "fields": {"title": "Highland High School", "street_address": "2166 South 1700 East", "location_city": "f21c7904-c94e-4016-8c5b-5aad13f1fad1", "location_state": "974b3b17-b6ca-4622-af98-34597598dbc0", "location_zipcode": "db32b420-89d5-4b36-ab02-5777bf8c3c98", "google_place": "https://www.google.com/maps/place/Highland+High+School/@40.7235085,-111.8457335,17z/data=!3m1!4b1!4m5!3m4!1s0x874d808f26acf0e7:0x78df267f9fa68f3b!8m2!3d40.7235045!4d-111.8435448"}}, {"model": "taxonomy.location", "pk": "9f4f4a61-c5b7-4b9f-abe3-5a5f26e48fe9", "fields": {"title": "East High School", "street_address": "840 South 1300 East", "location_city": "f21c7904-c94e-4016-8c5b-5aad13f1fad1", "location_state": "974b3b17-b6ca-4622-af98-34597598dbc0", "location_zipcode": "5e3034fc-69af-4447-aa85-b9769cd829e5", "google_place": "https://www.google.com/maps/place/East+High+School/@40.7508784,-111.8574648,17z/data=!3m1!4b1!4m5!3m4!1s0x87525ff7f3349f83:0x197ffa5fb8390d81!8m2!3d40.7508744!4d-111.8552761"}}, {"model": "taxonomy.location", "pk": "a1e1b90f-ecac-4d8a-bd5f-cf584eb9c2be", "fields": {"title": "Parkview Elementary School", "street_address": "970 South Emery Street", "location_city": "f21c7904-c94e-4016-8c5b-5aad13f1fad1", "location_state": "974b3b17-b6ca-4622-af98-34597598dbc0", "location_zipcode": "f7789966-8664-44cc-a376-146913e6dbb2", "google_place": "https://www.google.com/maps/place/Parkview+Scholar+Elementary+School/@40.7487336,-111.930393,16.34z/data=!4m5!3m4!1s0x8752f4eb1dcd4fdb:0x25c65e59c5c874d6!8m2!3d40.748577!4d-111.926488"}}, {"model": "taxonomy.location", "pk": "a2bb3571-a6d0-4f13-a2cf-9d6c783d9138", "fields": {"title": "Glendale Middle School", "street_address": "1430 West Andrew Avenue", "location_city": "f21c7904-c94e-4016-8c5b-5aad13f1fad1", "location_state": "974b3b17-b6ca-4622-af98-34597598dbc0", "location_zipcode": "f7789966-8664-44cc-a376-146913e6dbb2", "google_place": "https://www.google.com/maps/place/Glendale+Middle+School/@40.7376963,-111.9325885,17z/data=!3m1!4b1!4m5!3m4!1s0x8752f4b84b91e2d9:0x4b7bae6d3646ad62!8m2!3d40.7376923!4d-111.9303998"}}, {"model": "taxonomy.location", "pk": "a6439b19-735b-432e-8e71-4e6492353416", "fields": {"title": "Franklin Elementary School", "street_address": "1115 West 300 South", "location_city": "f21c7904-c94e-4016-8c5b-5aad13f1fad1", "location_state": "974b3b17-b6ca-4622-af98-34597598dbc0", "location_zipcode": "f7789966-8664-44cc-a376-146913e6dbb2", "google_place": "https://www.google.com/maps/place/Franklin+Elementary+School/@40.7622537,-111.9252899,17z/data=!3m1!4b1!4m5!3m4!1s0x8752f4f40558db3d:0x7d6b7f9600a15364!8m2!3d40.7622497!4d-111.9231012"}}, {"model": "taxonomy.location", "pk": "b1d0e53c-e834-4ee7-ad5e-a25948a043a6", "fields": {"title": "Horizonte Instruction and Training Center", "street_address": "1234 South Main Street", "location_city": "f21c7904-c94e-4016-8c5b-5aad13f1fad1", "location_state": "974b3b17-b6ca-4622-af98-34597598dbc0", "location_zipcode": "d75a12d7-0036-4e41-a67b-28d65e5a646e", "google_place": "https://www.google.com/maps/place/Horizonte+Instruction+%26+Training/@40.7425605,-111.8943185,17z/data=!3m1!4b1!4m5!3m4!1s0x8752f5301b3efa81:0x3784875cffdbd724!8m2!3d40.7425565!4d-111.8921298"}}, {"model": "taxonomy.location", "pk": "b802ed5d-1216-4461-a679-7f471751dfc2", "fields": {"title": "Edison Elementary School", "street_address": "466 South Cheyenne St.", "location_city": "f21c7904-c94e-4016-8c5b-5aad13f1fad1", "location_state": "974b3b17-b6ca-4622-af98-34597598dbc0", "location_zipcode": "f7789966-8664-44cc-a376-146913e6dbb2", "google_place": "https://www.google.com/maps/place/Edison+Elementary+School/@40.7591767,-111.9369592,17z/data=!3m1!4b1!4m5!3m4!1s0x8752f489468757a9:0x58a2b0a25060ecc0!8m2!3d40.7591727!4d-111.9347705"}}, {"model": "taxonomy.location", "pk": "bb848765-5d47-44d6-9e1c-8f99e853d7a1", "fields": {"title": "Highland Park Elementary School", "street_address": "1738 East 2700 South", "location_city": "f21c7904-c94e-4016-8c5b-5aad13f1fad1", "location_state": "974b3b17-b6ca-4622-af98-34597598dbc0", "location_zipcode": "db32b420-89d5-4b36-ab02-5777bf8c3c98", "google_place": "https://www.google.com/maps/place/Highland+Park+Elementary+School/@40.7108787,-111.8426173,17z/data=!3m1!4b1!4m5!3m4!1s0x87526031381c007d:0x100fe530534cad0c!8m2!3d40.7108747!4d-111.8404286"}}, {"model": "taxonomy.location", "pk": "be6fb048-0b1a-439b-893a-3c0ee5cd854f", "fields": {"title": "Mountain View Elementary School", "street_address": "1380 South Navajo", "location_city": "f21c7904-c94e-4016-8c5b-5aad13f1fad1", "location_state": "974b3b17-b6ca-4622-af98-34597598dbc0", "location_zipcode": "f7789966-8664-44cc-a376-146913e6dbb2", "google_place": "https://www.google.com/maps/place/Mountain+View+Elementary+School/@40.7393043,-111.9334259,17z/data=!3m1!4b1!4m5!3m4!1s0x8752f4b8ba176565:0xe27baf9079ae5a0d!8m2!3d40.7393003!4d-111.9312372"}}, {"model": "taxonomy.location", "pk": "bef38b2c-0dfa-45d1-8516-5c77537d7261", "fields": {"title": "North Star Elementary School", "street_address": "1545 West North Morton Drive", "location_city": "f21c7904-c94e-4016-8c5b-5aad13f1fad1", "location_state": "974b3b17-b6ca-4622-af98-34597598dbc0", "location_zipcode": "f10c5943-5eb4-4462-a195-70fb2414fd2e", "google_place": "https://www.google.com/maps/place/North+Star+Elementary+School/@40.803712,-111.9495938,17z/data=!3m1!4b1!4m5!3m4!1s0x8752f6abeb9fd7bf:0x54864af67e47098c!8m2!3d40.803708!4d-111.9474051"}}, {"model": "taxonomy.location", "pk": "d821ea8d-7c42-419f-a19a-21f409ab7d53", "fields": {"title": "Rose Park Elementary School", "street_address": "1105 West 1000 North", "location_city": "f21c7904-c94e-4016-8c5b-5aad13f1fad1", "location_state": "974b3b17-b6ca-4622-af98-34597598dbc0", "location_zipcode": "f10c5943-5eb4-4462-a195-70fb2414fd2e", "google_place": "https://www.google.com/maps/place/Rose+Park+Elementary+School/@40.7905347,-111.9248848,17z/data=!3m1!4b1!4m5!3m4!1s0x8752f43c093eeabd:0x5d9105fc30e8f455!8m2!3d40.7905307!4d-111.9226961"}}, {"model": "taxonomy.location", "pk": "dbf3a2f7-841d-4fc2-a161-351924e6b0b7", "fields": {"title": "Washington Elementary School", "street_address": "420 North 200 West", "location_city": "f21c7904-c94e-4016-8c5b-5aad13f1fad1", "location_state": "974b3b17-b6ca-4622-af98-34597598dbc0", "location_zipcode": "a9e752fe-77ee-4b17-9b06-e2c4cdb04b07", "google_place": "https://www.google.com/maps/place/Washington+Elementary+School/@40.7792894,-111.8981537,17z/data=!3m1!4b1!4m5!3m4!1s0x8752f5aef93673dd:0x1749af4d7b90327d!8m2!3d40.7792854!4d-111.895965"}}, {"model": "taxonomy.location", "pk": "e9dbf47e-a365-48ec-8d79-f00d472fefed", "fields": {"title": "Bennion Elementary School", "street_address": "429 South 800 East", "location_city": "f21c7904-c94e-4016-8c5b-5aad13f1fad1", "location_state": "974b3b17-b6ca-4622-af98-34597598dbc0", "location_zipcode": "5e3034fc-69af-4447-aa85-b9769cd829e5", "google_place": "https://www.google.com/maps/place/Bennion+Elementary+School/@40.7596054,-111.8695199,17z/data=!3m1!4b1!4m5!3m4!1s0x8752f567bf02e959:0xd6fee575404280fe!8m2!3d40.7596014!4d-111.8673312"}}, {"model": "taxonomy.location", "pk": "ee71b33f-b0ef-4694-a282-d0cd2114cfaa", "fields": {"title": "Wasatch Elementary School", "street_address": "30 R Street", "location_city": "f21c7904-c94e-4016-8c5b-5aad13f1fad1", "location_state": "974b3b17-b6ca-4622-af98-34597598dbc0", "location_zipcode": "a9e752fe-77ee-4b17-9b06-e2c4cdb04b07", "google_place": "https://www.google.com/maps/place/Wasatch+School/@40.7700843,-111.8597223,17z/data=!3m1!4b1!4m5!3m4!1s0x8752f57d469a7709:0x3c17aedeefc5ef93!8m2!3d40.7700803!4d-111.8575336"}}, {"model": "taxonomy.location", "pk": "f43be99d-39de-4633-b4b2-695ab0b1ee86", "fields": {"title": "Bonneville Elementary School", "street_address": "1145 South 1900 East", "location_city": "f21c7904-c94e-4016-8c5b-5aad13f1fad1", "location_state": "974b3b17-b6ca-4622-af98-34597598dbc0", "location_zipcode": "7ad07095-2b4c-4065-bd75-f6cef24c4629", "google_place": "https://www.google.com/maps/place/Bonneville+Elementary+School/@40.7443282,-111.8379179,17z/data=!3m1!4b1!4m5!3m4!1s0x8752600a854da079:0xd6f8e077b83933e!8m2!3d40.7443242!4d-111.8357292"}}, {"model": "taxonomy.location", "pk": "f6c14822-d05c-47cd-aeb5-24e2eb088689", "fields": {"title": "Salt Lake School for the Performing Arts", "street_address": "2291 South 2000 East", "location_city": "f21c7904-c94e-4016-8c5b-5aad13f1fad1", "location_state": "974b3b17-b6ca-4622-af98-34597598dbc0", "location_zipcode": "db32b420-89d5-4b36-ab02-5777bf8c3c98", "google_place": "https://www.google.com/maps/place/Salt+Lake+School+for+the+Performing+Arts/@40.7211244,-111.8355531,17z/data=!3m1!4b1!4m5!3m4!1s0x8752603d7f7df0bf:0xe654b0f4af7315be!8m2!3d40.7211204!4d-111.8333644"}}, {"model": "taxonomy.location", "pk": "f92637ae-ad17-48aa-8170-6d968ced382c", "fields": {"title": "Open Classroom", "street_address": "134 North D Street", "location_city": "f21c7904-c94e-4016-8c5b-5aad13f1fad1", "location_state": "974b3b17-b6ca-4622-af98-34597598dbc0", "location_zipcode": "a9e752fe-77ee-4b17-9b06-e2c4cdb04b07", "google_place": "https://www.google.com/maps/place/Open+Classroom/@40.7725768,-111.8800151,17z/data=!3m1!4b1!4m5!3m4!1s0x8752f5751e4d793b:0xa7d0138ee47a8610!8m2!3d40.7725728!4d-111.8778264"}}, {"model": "taxonomy.location", "pk": "fc2a2759-bedd-4c6d-a2a5-ca9b8b66fa88", "fields": {"title": "Jackson Elementary School", "street_address": "750 West 200 North", "location_city": "f21c7904-c94e-4016-8c5b-5aad13f1fad1", "location_state": "974b3b17-b6ca-4622-af98-34597598dbc0", "location_zipcode": "f10c5943-5eb4-4462-a195-70fb2414fd2e", "google_place": "https://www.google.com/maps/place/Jackson+Elementary+School/@40.7747538,-111.914945,17z/data=!3m1!4b1!4m5!3m4!1s0x8752f45116f93a1d:0x12d0e9f1d29e99b7!8m2!3d40.7747498!4d-111.9127563"}}, {"model": "taxonomy.location", "pk": "feb942da-c3d3-4b74-910c-006382b6aa3e", "fields": {"title": "Emerson Elementary School", "street_address": "1017 East Harrison Avenue", "location_city": "f21c7904-c94e-4016-8c5b-5aad13f1fad1", "location_state": "974b3b17-b6ca-4622-af98-34597598dbc0", "location_zipcode": "bbf1257c-3226-4d1a-bbe3-75d30c53f758", "google_place": "https://www.google.com/maps/place/Emerson+Elementary+School/@40.7404967,-111.8639438,17z/data=!3m1!4b1!4m5!3m4!1s0x8752f554bac911cb:0xdaa82b20eb0c31c0!8m2!3d40.7404927!4d-111.8617551"}}, {"model": "taxonomy.city", "pk": "f21c7904-c94e-4016-8c5b-5aad13f1fad1", "fields": {"title": "Salt Lake City"}}, {"model": "taxonomy.state", "pk": "974b3b17-b6ca-4622-af98-34597598dbc0", "fields": {"title": "Utah"}}, {"model": "taxonomy.zipcode", "pk": "376e8098-5b6a-438c-981d-4499f37137ec", "fields": {"title": "84109"}}, {"model": "taxonomy.zipcode", "pk": "5e3034fc-69af-4447-aa85-b9769cd829e5", "fields": {"title": "84102"}}, {"model": "taxonomy.zipcode", "pk": "7ad07095-2b4c-4065-bd75-f6cef24c4629", "fields": {"title": "84108"}}, {"model": "taxonomy.zipcode", "pk": "809f533f-5aea-40d9-999c-02899985ff90", "fields": {"title": "84111"}}, {"model": "taxonomy.zipcode", "pk": "85e05e70-8654-4b3c-8fab-b95b60aeef22", "fields": {"title": "84121"}}, {"model": "taxonomy.zipcode", "pk": "a9e752fe-77ee-4b17-9b06-e2c4cdb04b07", "fields": {"title": "84103"}}, {"model": "taxonomy.zipcode", "pk": "bbf1257c-3226-4d1a-bbe3-75d30c53f758", "fields": {"title": "84105"}}, {"model": "taxonomy.zipcode", "pk": "d75a12d7-0036-4e41-a67b-28d65e5a646e", "fields": {"title": "84101"}}, {"model": "taxonomy.zipcode", "pk": "db32b420-89d5-4b36-ab02-5777bf8c3c98", "fields": {"title": "84106"}}, {"model": "taxonomy.zipcode", "pk": "f10c5943-5eb4-4462-a195-70fb2414fd2e", "fields": {"title": "84116"}}, {"model": "taxonomy.zipcode", "pk": "f2a8d415-db59-4abd-8592-997f8efca212", "fields": {"title": "84115"}}, {"model": "taxonomy.zipcode", "pk": "f7789966-8664-44cc-a376-146913e6dbb2", "fields": {"title": "84104"}}, {"model": "taxonomy.language", "pk": "017d151e-8a70-a28e-be64-f146a9c9d87d", "fields": {"title": "Scottish Gaelic", "native_language": "G\u00e0idhlig na h-Alba", "language_code": "gd", "language_translationtype": "6b5248dc-3aca-4de9-ae29-5d5c414b23c2"}}, {"model": "taxonomy.language", "pk": "01ea8786-4c91-6e59-75a8-a42145ba866f", "fields": {"title": "Uzbek", "native_language": "O\u02bbzbekcha", "language_code": "uz", "language_translationtype": "6b5248dc-3aca-4de9-ae29-5d5c414b23c2"}}, {"model": "taxonomy.language", "pk": "02144449-d478-7ed3-13ad-a008cdd1c5c5", "fields": {"title": "Polish", "native_language": "Polskie", "language_code": "pl", "language_translationtype": "6b5248dc-3aca-4de9-ae29-5d5c414b23c2"}}, {"model": "taxonomy.language", "pk": "0573a954-bab6-604f-35e4-8c9fe1729880", "fields": {"title": "Punjabi", "native_language": "\u0a2a\u0a70\u0a1c\u0a3e\u0a2c\u0a40 \u0a26\u0a47", "language_code": "pa", "language_translationtype": "6b5248dc-3aca-4de9-ae29-5d5c414b23c2"}}, {"model": "taxonomy.language", "pk": "092099e0-8c6e-6b00-5e9e-2b7593a47c93", "fields": {"title": "Malayalam", "native_language": "\u0d2e\u0d32\u0d2f\u0d3e\u0d33\u0d02", "language_code": "ml", "language_translationtype": "6b5248dc-3aca-4de9-ae29-5d5c414b23c2"}}, {"model": "taxonomy.language", "pk": "0bb21a6a-ea5b-e45a-d2df-7f97b42d037e", "fields": {"title": "Burmese", "native_language": "\u1019\u103c\u1014\u103a\u1019\u102c", "language_code": "my", "language_translationtype": "6b5248dc-3aca-4de9-ae29-5d5c414b23c2"}}, {"model": "taxonomy.language", "pk": "0f2bf10b-cf8f-be7e-b540-17880273d3ea", "fields": {"title": "Amharic", "native_language": "\u12a0\u121b\u122d\u129b", "language_code": "am", "language_translationtype": "6b5248dc-3aca-4de9-ae29-5d5c414b23c2"}}, {"model": "taxonomy.language", "pk": "10356847-7c8b-7495-6d32-c37f33879f2e", "fields": {"title": "Sindhi", "native_language": "\u0633\u0646\u068c\u064a", "language_code": "sd", "language_translationtype": "6b5248dc-3aca-4de9-ae29-5d5c414b23c2"}}, {"model": "taxonomy.language", "pk": "16403810-a048-fe5c-2bad-24949a3cdfdd", "fields": {"title": "Macedonian", "native_language": "\u041c\u0430\u043a\u0435\u0434\u043e\u043d\u0441\u043a\u0438", "language_code": "mk", "language_translationtype": "6b5248dc-3aca-4de9-ae29-5d5c414b23c2"}}, {"model": "taxonomy.language", "pk": "213c73ee-5048-0539-3a96-9cdc7e9ca222", "fields": {"title": "Danish", "native_language": "dansk", "language_code": "da", "language_translationtype": "6b5248dc-3aca-4de9-ae29-5d5c414b23c2"}}, {"model": "taxonomy.language", "pk": "21676b79-c01e-f00c-3202-be24d52f2835", "fields": {"title": "Esperanto", "native_language": "esperanto", "language_code": "eo", "language_translationtype": "6b5248dc-3aca-4de9-ae29-5d5c414b23c2"}}, {"model": "taxonomy.language", "pk": "31a8e7ee-334a-bf59-3980-457888857eae", "fields": {"title": "Urdu", "native_language": "\u0627\u0631\u062f\u0648", "language_code": "ur", "language_translationtype": "6b5248dc-3aca-4de9-ae29-5d5c414b23c2"}}, {"model": "taxonomy.language", "pk": "3509f351-fe1b-54e6-feee-fee2809ff13b", "fields": {"title": "Welsh", "native_language": "Cymraeg", "language_code": "cy", "language_translationtype": "6b5248dc-3aca-4de9-ae29-5d5c414b23c2"}}, {"model": "taxonomy.language", "pk": "3a32d8a7-4b83-5249-896e-02db922a3ba3", "fields": {"title": "Georgian", "native_language": "\u10e5\u10d0\u10e0\u10d7\u10e3\u10da\u10d8", "language_code": "ka", "language_translationtype": "6b5248dc-3aca-4de9-ae29-5d5c414b23c2"}}, {"model": "taxonomy.language", "pk": "3a564cf1-0e88-48e8-d712-6d51ae335c0d", "fields": {"title": "Hindi", "native_language": "\u0939\u093f\u0902\u0926\u0940", "language_code": "hi", "language_translationtype": "6b5248dc-3aca-4de9-ae29-5d5c414b23c2"}}, {"model": "taxonomy.language", "pk": "3b124245-c661-149b-0656-636da53a170d", "fields": {"title": "Bengali", "native_language": "\u09ac\u09be\u0999\u09be\u09b2\u09bf", "language_code": "bn", "language_translationtype": "6b5248dc-3aca-4de9-ae29-5d5c414b23c2"}}, {"model": "taxonomy.language", "pk": "3c05f736-9a64-66ec-a978-cd6dd858595a", "fields": {"title": "Lithuanian", "native_language": "Lietuvos", "language_code": "lt", "language_translationtype": "6b5248dc-3aca-4de9-ae29-5d5c414b23c2"}}, {"model": "taxonomy.language", "pk": "3cedfcf3-9050-920f-45cc-e8e0e48dcd59", "fields": {"title": "Belarusian", "native_language": "\u0431\u0435\u043b\u0430\u0440\u0443\u0441\u043a\u0456", "language_code": "be", "language_translationtype": "6b5248dc-3aca-4de9-ae29-5d5c414b23c2"}}, {"model": "taxonomy.language", "pk": "3eaa38c5-578e-7b96-37c3-c1a2d425f82b", "fields": {"title": "Pashto", "native_language": "\u067e\u069a\u062a\u0648", "language_code": "ps", "language_translationtype": "6b5248dc-3aca-4de9-ae29-5d5c414b23c2"}}, {"model": "taxonomy.language", "pk": "442d9899-498f-d4ab-3891-163e9024217e", "fields": {"title": "Luxembourgish", "native_language": "l\u00ebtzebuergesch", "language_code": "lb", "language_translationtype": "6b5248dc-3aca-4de9-ae29-5d5c414b23c2"}}, {"model": "taxonomy.language", "pk": "456d8ba3-0455-3f40-1ec6-e795f8b38c6b", "fields": {"title": "Vietnamese", "native_language": "Ti\u1ebfng Vi\u1ec7t", "language_code": "vi", "language_translationtype": "6b5248dc-3aca-4de9-ae29-5d5c414b23c2"}}, {"model": "taxonomy.language", "pk": "53b4fd06-cd26-bd49-903d-a554433befb1", "fields": {"title": "Swedish", "native_language": "svenska", "language_code": "sv", "language_translationtype": "6b5248dc-3aca-4de9-ae29-5d5c414b23c2"}}, {"model": "taxonomy.language", "pk": "56cdd776-2212-4b01-c12c-566c48e91915", "fields": {"title": "Tamil", "native_language": "\u0ba4\u0bae\u0bbf\u0bb4\u0bcd", "language_code": "ta", "language_translationtype": "6b5248dc-3aca-4de9-ae29-5d5c414b23c2"}}, {"model": "taxonomy.language", "pk": "56d21b18-3d98-473e-7e80-ab50f115a9f8", "fields": {"title": "Kazakh", "native_language": "\u049a\u0430\u0437\u0430\u049b", "language_code": "kk", "language_translationtype": "6b5248dc-3aca-4de9-ae29-5d5c414b23c2"}}, {"model": "taxonomy.language", "pk": "5de09546-4015-4da5-1657-b843f0647a0e", "fields": {"title": "Haitian Creole", "native_language": "krey\u00f2l ayisyen", "language_code": "ht", "language_translationtype": "6b5248dc-3aca-4de9-ae29-5d5c414b23c2"}}, {"model": "taxonomy.language", "pk": "5fb0465d-ca43-b6f6-0df3-524da508adf4", "fields": {"title": "Kannada", "native_language": "\u0c95\u0ca8\u0ccd\u0ca8\u0ca1", "language_code": "kn", "language_translationtype": "6b5248dc-3aca-4de9-ae29-5d5c414b23c2"}}, {"model": "taxonomy.language", "pk": "650512ff-52fa-56b3-5747-a0326fc004f6", "fields": {"title": "Armenian", "native_language": " \u0570\u0561\u0575\u0565\u0580\u0565\u0576", "language_code": "hy", "language_translationtype": "6b5248dc-3aca-4de9-ae29-5d5c414b23c2"}}, {"model": "taxonomy.language", "pk": "69ab3e9a-4f12-ade5-af00-56c8140c7bb6", "fields": {"title": "Hungarian", "native_language": "Magyar", "language_code": "hu", "language_translationtype": "6b5248dc-3aca-4de9-ae29-5d5c414b23c2"}}, {"model": "taxonomy.language", "pk": "6d6c3e74-4f8b-80db-1cda-feee882d01c7", "fields": {"title": "Russian", "native_language": "\u0440\u0443\u0441\u0441\u043a\u0438\u0439", "language_code": "ru", "language_translationtype": "6b5248dc-3aca-4de9-ae29-5d5c414b23c2"}}, {"model": "taxonomy.language", "pk": "6e84f38a-e0c5-03a6-13c3-7067cd9496d9", "fields": {"title": "Chinese (Simplified)", "native_language": "\u4e2d\u6587(\u7b80\u4f53)", "language_code": "zh-CN", "language_translationtype": "6b5248dc-3aca-4de9-ae29-5d5c414b23c2"}}, {"model": "taxonomy.language", "pk": "7035976b-ac47-fd7f-ba02-6fdebf3ea15f", "fields": {"title": "Basque", "native_language": "Euskal", "language_code": "eu", "language_translationtype": "6b5248dc-3aca-4de9-ae29-5d5c414b23c2"}}, {"model": "taxonomy.language", "pk": "7248360a-f512-6b04-80a6-2c3daddbc169", "fields": {"title": "Catalan", "native_language": "catal\u00e0", "language_code": "ca", "language_translationtype": "6b5248dc-3aca-4de9-ae29-5d5c414b23c2"}}, {"model": "taxonomy.language", "pk": "72ea5285-86e7-f833-a629-efcd64aaef9a", "fields": {"title": "Italian", "native_language": "italiano", "language_code": "it", "language_translationtype": "6b5248dc-3aca-4de9-ae29-5d5c414b23c2"}}, {"model": "taxonomy.language", "pk": "7407b998-fa18-a6bd-9f9c-ff6b988184cc", "fields": {"title": "Igbo", "native_language": "Igbo", "language_code": "ig", "language_translationtype": "6b5248dc-3aca-4de9-ae29-5d5c414b23c2"}}, {"model": "taxonomy.language", "pk": "748d68ae-5528-3165-2175-c762d4158efe", "fields": {"title": "Persian", "native_language": "\u0641\u0627\u0631\u0633\u06cc", "language_code": "fa", "language_translationtype": "6b5248dc-3aca-4de9-ae29-5d5c414b23c2"}}, {"model": "taxonomy.language", "pk": "75506f01-7ed0-ff8e-bd90-1e6c6028fcd4", "fields": {"title": "Somali", "native_language": "Soomaali", "language_code": "so", "language_translationtype": "6b5248dc-3aca-4de9-ae29-5d5c414b23c2"}}, {"model": "taxonomy.language", "pk": "781f6152-0cbb-d617-6591-64165e086df1", "fields": {"title": "Slovenian", "native_language": "slovenski", "language_code": "sl", "language_translationtype": "6b5248dc-3aca-4de9-ae29-5d5c414b23c2"}}, {"model": "taxonomy.language", "pk": "78ae7931-27c7-7f1d-7797-31336e20f26d", "fields": {"title": "Hebrew", "native_language": "\u05e2\u05b4\u05d1\u05e8\u05b4\u05d9\u05ea", "language_code": "iw", "language_translationtype": "6b5248dc-3aca-4de9-ae29-5d5c414b23c2"}}, {"model": "taxonomy.language", "pk": "8022883e-2168-b3ad-12db-3c76c160a2e5", "fields": {"title": "Thai", "native_language": "\u0e44\u0e17\u0e22", "language_code": "th", "language_translationtype": "6b5248dc-3aca-4de9-ae29-5d5c414b23c2"}}, {"model": "taxonomy.language", "pk": "8099c761-45a3-758c-f7d0-955f475e4f99", "fields": {"title": "Estonian", "native_language": "eesti", "language_code": "et", "language_translationtype": "6b5248dc-3aca-4de9-ae29-5d5c414b23c2"}}, {"model": "taxonomy.language", "pk": "86e49928-d4af-b775-b396-7c2695f0f01a", "fields": {"title": "Tajik", "native_language": "\u0422\u043e\u04b7\u0438\u043a\u0438\u0441\u0442\u043e\u043d", "language_code": "tg", "language_translationtype": "6b5248dc-3aca-4de9-ae29-5d5c414b23c2"}}, {"model": "taxonomy.language", "pk": "8a10ec19-a746-afd8-e016-e0ee800bc9bd", "fields": {"title": "Greek", "native_language": "\u03b5\u03bb\u03bb\u03b7\u03bd\u03b9\u03ba\u03ac", "language_code": "el", "language_translationtype": "6b5248dc-3aca-4de9-ae29-5d5c414b23c2"}}, {"model": "taxonomy.language", "pk": "8c2b82ba-9768-2ccc-9c95-57cf1b1db88d", "fields": {"title": "Indonesian", "native_language": "Bahasa Indonesia", "language_code": "id", "language_translationtype": "6b5248dc-3aca-4de9-ae29-5d5c414b23c2"}}, {"model": "taxonomy.language", "pk": "8d6bbba2-ce7c-8770-f6a6-ef09ef9b7650", "fields": {"title": "Lao", "native_language": "\u0ea5\u0eb2\u0ea7", "language_code": "lo", "language_translationtype": "6b5248dc-3aca-4de9-ae29-5d5c414b23c2"}}, {"model": "taxonomy.language", "pk": "8f6d3cf7-f8b1-e98d-3b66-37636c75db80", "fields": {"title": "Kurdish", "native_language": "Kurd\u00ee", "language_code": "ku", "language_translationtype": "6b5248dc-3aca-4de9-ae29-5d5c414b23c2"}}, {"model": "taxonomy.language", "pk": "91c027bd-0b70-76c3-016d-c0764c338873", "fields": {"title": "Bosnian", "native_language": "bosanski", "language_code": "bs", "language_translationtype": "6b5248dc-3aca-4de9-ae29-5d5c414b23c2"}}, {"model": "taxonomy.language", "pk": "93847e67-f0e8-b045-2e64-0add04b8af8b", "fields": {"title": "Latvian", "native_language": "Latvijas", "language_code": "lv", "language_translationtype": "6b5248dc-3aca-4de9-ae29-5d5c414b23c2"}}, {"model": "taxonomy.language", "pk": "96b54a8f-b4c1-c30c-ea4d-c49f61375479", "fields": {"title": "Galician", "native_language": "galego", "language_code": "gl", "language_translationtype": "6b5248dc-3aca-4de9-ae29-5d5c414b23c2"}}, {"model": "taxonomy.language", "pk": "9ad3f512-d9a8-077b-2f74-9e981a3a6aa2", "fields": {"title": "Hmong", "native_language": "Hmong", "language_code": "hmn", "language_translationtype": "6b5248dc-3aca-4de9-ae29-5d5c414b23c2"}}, {"model": "taxonomy.language", "pk": "9bc0b065-786c-7c52-fb04-fb0d39b82be0", "fields": {"title": "Japanese", "native_language": "\u65e5\u672c\u8a9e", "language_code": "ja", "language_translationtype": "6b5248dc-3aca-4de9-ae29-5d5c414b23c2"}}, {"model": "taxonomy.language", "pk": "a3e0c03f-7348-f4bc-b2b1-9d2ebabae160", "fields": {"title": "Dutch", "native_language": "Nederlands", "language_code": "nl", "language_translationtype": "6b5248dc-3aca-4de9-ae29-5d5c414b23c2"}}, {"model": "taxonomy.language", "pk": "a5d5b255-f3b8-6370-738e-bb6a5d10305b", "fields": {"title": "Czech", "native_language": "\u010de\u0161tina", "language_code": "cs", "language_translationtype": "6b5248dc-3aca-4de9-ae29-5d5c414b23c2"}}, {"model": "taxonomy.language", "pk": "a6b48ddd-dd75-6bbd-0859-74623d87fe6f", "fields": {"title": "Western Frisian", "native_language": "Western Frysk", "language_code": "fy", "language_translationtype": "6b5248dc-3aca-4de9-ae29-5d5c414b23c2"}}, {"model": "taxonomy.language", "pk": "a6b58d41-1af2-c558-7799-523bcaa652be", "fields": {"title": "Hausa", "native_language": "Hausa", "language_code": "ha", "language_translationtype": "6b5248dc-3aca-4de9-ae29-5d5c414b23c2"}}, {"model": "taxonomy.language", "pk": "aa336503-60a5-e600-2673-77c2a128d4a9", "fields": {"title": "Malagasy", "native_language": "Malagasy", "language_code": "mg", "language_translationtype": "6b5248dc-3aca-4de9-ae29-5d5c414b23c2"}}, {"model": "taxonomy.language", "pk": "abc72995-b02b-2a74-475f-5933a11c3911", "fields": {"title": "Bulgarian", "native_language": "\u0431\u044a\u043b\u0433\u0430\u0440\u0441\u043a\u0438", "language_code": "bg", "language_translationtype": "6b5248dc-3aca-4de9-ae29-5d5c414b23c2"}}, {"model": "taxonomy.language", "pk": "ac111b15-dc32-1e44-f30c-f96b79437489", "fields": {"title": "Maori", "native_language": "Maori", "language_code": "mi", "language_translationtype": "6b5248dc-3aca-4de9-ae29-5d5c414b23c2"}}, {"model": "taxonomy.language", "pk": "ac456d7f-3049-2710-bd73-8634164c081d", "fields": {"title": "Mongolian", "native_language": "\u041c\u043e\u043d\u0433\u043e\u043b", "language_code": "mn", "language_translationtype": "6b5248dc-3aca-4de9-ae29-5d5c414b23c2"}}, {"model": "taxonomy.language", "pk": "ace07d39-e9bf-c2dc-0937-a91fffba5d8f", "fields": {"title": "Nepali", "native_language": "\u0928\u0947\u092a\u093e\u0932\u0940", "language_code": "ne", "language_translationtype": "6b5248dc-3aca-4de9-ae29-5d5c414b23c2"}}, {"model": "taxonomy.language", "pk": "b00aac44-1e71-a9de-b271-dd6a8cc3365d", "fields": {"title": "Zulu", "native_language": "Zulu", "language_code": "zu", "language_translationtype": "6b5248dc-3aca-4de9-ae29-5d5c414b23c2"}}, {"model": "taxonomy.language", "pk": "b106a112-703d-2e87-7a1f-35ecf3eba668", "fields": {"title": "French", "native_language": "fran\u00e7ais", "language_code": "fr", "language_translationtype": "6b5248dc-3aca-4de9-ae29-5d5c414b23c2"}}, {"model": "taxonomy.language", "pk": "b22a7aa8-97cc-5e4b-f979-34c6d1804e8c", "fields": {"title": "Turkish", "native_language": "T\u00fcrk", "language_code": "tr", "language_translationtype": "6b5248dc-3aca-4de9-ae29-5d5c414b23c2"}}, {"model": "taxonomy.language", "pk": "b79e74e6-56e6-3216-ea64-9a323988dc98", "fields": {"title": "Afrikaans", "native_language": "Afrikaans", "language_code": "af", "language_translationtype": "6b5248dc-3aca-4de9-ae29-5d5c414b23c2"}}, {"model": "taxonomy.language", "pk": "b9298b7b-43d1-4a5d-70b3-aab1afbdb0dc", "fields": {"title": "Spanish", "native_language": "Espa\u00f1ol", "language_code": "es", "language_translationtype": "6b5248dc-3aca-4de9-ae29-5d5c414b23c2"}}, {"model": "taxonomy.language", "pk": "bc3bd863-a6ac-b86d-8e2e-f762f54973ab", "fields": {"title": "Icelandic", "native_language": "icelandic", "language_code": "is", "language_translationtype": "6b5248dc-3aca-4de9-ae29-5d5c414b23c2"}}, {"model": "taxonomy.language", "pk": "bcf2fdf2-87f8-6ed0-da68-2e0fbf4c3964", "fields": {"title": "Chinese (Traditional)", "native_language": "\u4e2d\u570b\u50b3\u7d71\u7684", "language_code": "zh-TW", "language_translationtype": "6b5248dc-3aca-4de9-ae29-5d5c414b23c2"}}, {"model": "taxonomy.language", "pk": "bd5f10ee-961b-8ad6-3517-0536c7e8783f", "fields": {"title": "Malay", "native_language": "Malay", "language_code": "ms", "language_translationtype": "6b5248dc-3aca-4de9-ae29-5d5c414b23c2"}}, {"model": "taxonomy.language", "pk": "be746405-f54a-cd53-c951-81a092e9e2f1", "fields": {"title": "Norwegian", "native_language": "norsk", "language_code": "no", "language_translationtype": "6b5248dc-3aca-4de9-ae29-5d5c414b23c2"}}, {"model": "taxonomy.language", "pk": "c00c37f1-028e-edb3-4920-b09c1f958491", "fields": {"title": "Sundanese", "native_language": "Sunda", "language_code": "su", "language_translationtype": "6b5248dc-3aca-4de9-ae29-5d5c414b23c2"}}, {"model": "taxonomy.language", "pk": "c090e508-2cb2-6a54-2e91-6624a3c039cd", "fields": {"title": "Marathi", "native_language": "\u092e\u0930\u093e\u0920\u0940", "language_code": "mr", "language_translationtype": "6b5248dc-3aca-4de9-ae29-5d5c414b23c2"}}, {"model": "taxonomy.language", "pk": "c2b466f8-7523-7952-7a8c-8ae9fc8b4b44", "fields": {"title": "Telugu", "native_language": "\u0c24\u0c46\u0c32\u0c41\u0c17\u0c41", "language_code": "te", "language_translationtype": "6b5248dc-3aca-4de9-ae29-5d5c414b23c2"}}, {"model": "taxonomy.language", "pk": "c49c42d8-e423-392d-3e93-9dd499b107dc", "fields": {"title": "Filipino", "native_language": "Pilipino", "language_code": "tl", "language_translationtype": "6b5248dc-3aca-4de9-ae29-5d5c414b23c2"}}, {"model": "taxonomy.language", "pk": "c86cc84d-651b-1aae-fa9c-463b7a50f609", "fields": {"title": "Nyanja", "native_language": "Nyanja", "language_code": "ny", "language_translationtype": "6b5248dc-3aca-4de9-ae29-5d5c414b23c2"}}, {"model": "taxonomy.language", "pk": "ce5ae9f2-ab53-eaeb-07f9-63de937180ec", "fields": {"title": "Arabic", "native_language": "\u0627\u0644\u0639\u0631\u0628\u064a\u0629", "language_code": "ar", "language_translationtype": "6b5248dc-3aca-4de9-ae29-5d5c414b23c2"}}, {"model": "taxonomy.language", "pk": "cf802d8e-3980-09d4-becb-505514786b3a", "fields": {"title": "Latin", "native_language": "Latinae", "language_code": "la", "language_translationtype": "6b5248dc-3aca-4de9-ae29-5d5c414b23c2"}}, {"model": "taxonomy.language", "pk": "d1d749ec-170d-122b-7f9f-4cdaba8098ac", "fields": {"title": "Irish", "native_language": "Gaeilge", "language_code": "ga", "language_translationtype": "6b5248dc-3aca-4de9-ae29-5d5c414b23c2"}}, {"model": "taxonomy.language", "pk": "d1f2edcd-e176-8607-8406-1eb8b875c37b", "fields": {"title": "Samoan", "native_language": "Samoa", "language_code": "sm", "language_translationtype": "6b5248dc-3aca-4de9-ae29-5d5c414b23c2"}}, {"model": "taxonomy.language", "pk": "d4761244-05ee-9e36-3769-97848f11c624", "fields": {"title": "Finnish", "native_language": "suomalainen", "language_code": "fi", "language_translationtype": "6b5248dc-3aca-4de9-ae29-5d5c414b23c2"}}, {"model": "taxonomy.language", "pk": "d7e416cd-5202-ae2b-c4b8-2268290baacb", "fields": {"title": "Javanese", "native_language": "Jawa", "language_code": "jv", "language_translationtype": "6b5248dc-3aca-4de9-ae29-5d5c414b23c2"}}, {"model": "taxonomy.language", "pk": "da813db2-723d-cfc9-1451-e79cc40dadf1", "fields": {"title": "Portuguese", "native_language": "portugu\u00eas", "language_code": "pt", "language_translationtype": "6b5248dc-3aca-4de9-ae29-5d5c414b23c2"}}, {"model": "taxonomy.language", "pk": "dad3d2c8-e045-cec4-0b15-ebd0c6b13f3b", "fields": {"title": "Hawaiian", "native_language": "\u02bb\u014clelo Hawai\u02bbi", "language_code": "haw", "language_translationtype": "6b5248dc-3aca-4de9-ae29-5d5c414b23c2"}}, {"model": "taxonomy.language", "pk": "de8689be-bf57-33ec-3d5e-75b5bc9ea535", "fields": {"title": "Yiddish", "native_language": "\u05d9\u05d9\u05b4\u05d3\u05d9\u05e9", "language_code": "yi", "language_translationtype": "6b5248dc-3aca-4de9-ae29-5d5c414b23c2"}}, {"model": "taxonomy.language", "pk": "df026437-3fc4-4b47-4db1-860f3d34bca9", "fields": {"title": "Serbian", "native_language": "\u0421\u0440\u043f\u0441\u043a\u0438", "language_code": "sr", "language_translationtype": "6b5248dc-3aca-4de9-ae29-5d5c414b23c2"}}, {"model": "taxonomy.language", "pk": "dfdaa769-f184-b0fb-3d19-3a3ff3d70ab2", "fields": {"title": "Xhosa", "native_language": "isiXhosa", "language_code": "xh", "language_translationtype": "6b5248dc-3aca-4de9-ae29-5d5c414b23c2"}}, {"model": "taxonomy.language", "pk": "e0d65698-251a-59c0-e17d-f5ec1cdf9308", "fields": {"title": "Korean", "native_language": "\ud55c\uad6d\uc5b4", "language_code": "ko", "language_translationtype": "6b5248dc-3aca-4de9-ae29-5d5c414b23c2"}}, {"model": "taxonomy.language", "pk": "e0ea753c-05b2-99fb-320f-c70413052155", "fields": {"title": "Gujarati", "native_language": "\u0a97\u0ac1\u0a9c\u0ab0\u0abe\u0aa4\u0ac0", "language_code": "gu", "language_translationtype": "6b5248dc-3aca-4de9-ae29-5d5c414b23c2"}}, {"model": "taxonomy.language", "pk": "e47ef093-6dfd-c9ec-1cd4-e0fb7880cb05", "fields": {"title": "Sinhala", "native_language": "\u0dc3\u0dd2\u0d82\u0dc4\u0dbd", "language_code": "si", "language_translationtype": "6b5248dc-3aca-4de9-ae29-5d5c414b23c2"}}, {"model": "taxonomy.language", "pk": "e50d86d0-7ebf-0559-203a-4da1d69ba3b6", "fields": {"title": "Slovak", "native_language": "slovensk\u00fd", "language_code": "sk", "language_translationtype": "6b5248dc-3aca-4de9-ae29-5d5c414b23c2"}}, {"model": "taxonomy.language", "pk": "e5184feb-8d78-6032-7e02-4d8b916aabdd", "fields": {"title": "Ukrainian", "native_language": "\u0443\u043a\u0440\u0430\u0457\u043d\u0441\u044c\u043a\u0438\u0439", "language_code": "uk", "language_translationtype": "6b5248dc-3aca-4de9-ae29-5d5c414b23c2"}}, {"model": "taxonomy.language", "pk": "e62c2e54-ddf7-9c07-9ebe-6ec23fce1345", "fields": {"title": "Croatian", "native_language": "hrvatski", "language_code": "hr", "language_translationtype": "6b5248dc-3aca-4de9-ae29-5d5c414b23c2"}}, {"model": "taxonomy.language", "pk": "e6cf5b37-6fa3-f1fe-9af6-e24a4f23e7c8", "fields": {"title": "Shona", "native_language": "Shona", "language_code": "sn", "language_translationtype": "6b5248dc-3aca-4de9-ae29-5d5c414b23c2"}}, {"model": "taxonomy.language", "pk": "e7050feb-e280-0cd7-9fef-af351ce4f4ed", "fields": {"title": "English", "native_language": "English", "language_code": "en", "language_translationtype": "6b5248dc-3aca-4de9-ae29-5d5c414b23c2"}}, {"model": "taxonomy.language", "pk": "e824deaa-e8bc-695c-06cf-caa67375c1de", "fields": {"title": "Albanian", "native_language": "shqiptar", "language_code": "sq", "language_translationtype": "6b5248dc-3aca-4de9-ae29-5d5c414b23c2"}}, {"model": "taxonomy.language", "pk": "e8b53229-2eb8-1cad-fece-6f40199e2941", "fields": {"title": "Yoruba", "native_language": "yor\u00f9b\u00e1", "language_code": "yo", "language_translationtype": "6b5248dc-3aca-4de9-ae29-5d5c414b23c2"}}, {"model": "taxonomy.language", "pk": "e97e415c-cbb6-2e5c-9e53-a7947b902b07", "fields": {"title": "Cebuano", "native_language": "Cebuano", "language_code": "ceb", "language_translationtype": "6b5248dc-3aca-4de9-ae29-5d5c414b23c2"}}, {"model": "taxonomy.language", "pk": "eac1c2e3-4726-8cf0-4e84-ea4b6eb153b4", "fields": {"title": "Azerbaijani", "native_language": "Az\u0259rbaycan", "language_code": "az", "language_translationtype": "6b5248dc-3aca-4de9-ae29-5d5c414b23c2"}}, {"model": "taxonomy.language", "pk": "eaf97647-7a31-a182-787f-b63db6e8ac86", "fields": {"title": "Romanian", "native_language": "Rom\u00e2n\u0103", "language_code": "ro", "language_translationtype": "6b5248dc-3aca-4de9-ae29-5d5c414b23c2"}}, {"model": "taxonomy.language", "pk": "eed0a32f-3a1a-9106-1ce6-8649826d217f", "fields": {"title": "Swahili", "native_language": "Kiswahili", "language_code": "sw", "language_translationtype": "6b5248dc-3aca-4de9-ae29-5d5c414b23c2"}}, {"model": "taxonomy.language", "pk": "f905b7aa-caa9-2362-0ca1-91da4ad36560", "fields": {"title": "Corsican", "native_language": "Corsu", "language_code": "co", "language_translationtype": "6b5248dc-3aca-4de9-ae29-5d5c414b23c2"}}, {"model": "taxonomy.language", "pk": "fa37c6b8-1139-d465-5f72-50de0725fb88", "fields": {"title": "Kyrgyz", "native_language": "\u041a\u044b\u0440\u0433\u044b\u0437\u0447\u0430", "language_code": "ky", "language_translationtype": "6b5248dc-3aca-4de9-ae29-5d5c414b23c2"}}, {"model": "taxonomy.language", "pk": "fb2eb72d-7546-03d6-63e3-ea127728ab1d", "fields": {"title": "Khmer", "native_language": "\u1797\u17b6\u179f\u17b6\u1781\u17d2\u1798\u17c2\u179a", "language_code": "km", "language_translationtype": "6b5248dc-3aca-4de9-ae29-5d5c414b23c2"}}, {"model": "taxonomy.language", "pk": "fbcd73e7-8a1e-6351-0dfd-081cf6ee1f43", "fields": {"title": "Maltese", "native_language": "Malti", "language_code": "mt", "language_translationtype": "6b5248dc-3aca-4de9-ae29-5d5c414b23c2"}}, {"model": "taxonomy.language", "pk": "fd6af150-0f7d-e0c1-3b0b-035428186bc2", "fields": {"title": "German", "native_language": "Deutsche", "language_code": "de", "language_translationtype": "6b5248dc-3aca-4de9-ae29-5d5c414b23c2"}}, {"model": "taxonomy.translationtype", "pk": "6b5248dc-3aca-4de9-ae29-5d5c414b23c2", "fields": {"title": "Google Translate"}}, {"model": "taxonomy.schooltype", "pk": "0c3c83d1-27bd-43da-a3d9-dc391ba68dfa", "fields": {"title": "High Schools"}}, {"model": "taxonomy.schooltype", "pk": "1747f80b-8fa7-4a64-ad07-fbb51c2e66ca", "fields": {"title": "Middle Schools"}}, {"model": "taxonomy.schooltype", "pk": "4cb3bdab-c1fd-4a85-a7c4-bbfbbfbd7e96", "fields": {"title": "K-8 Schools"}}, {"model": "taxonomy.schooltype", "pk": "9f196047-91b7-44ae-84cf-166c7552f6a1", "fields": {"title": "Charter Schools"}}, {"model": "taxonomy.schooltype", "pk": "b01b1a98-fcea-4593-9fb5-34f147e6b960", "fields": {"title": "Elementary Schools"}}, {"model": "taxonomy.openenrollmentstatus", "pk": "1ee79c4b-680f-419d-9a47-d64d72bd41ca", "fields": {"title": "Open"}}, {"model": "taxonomy.openenrollmentstatus", "pk": "c1e50c0a-258b-4909-9935-643435a28a81", "fields": {"title": "Closed"}}]